,%,match,runtime,total
0,0.8335949764521193,1062,1527.2740075588226,1274
1,1.0,304,1148.0316517353058,304
2,0.28,42,1254.418606519699,150
3,0.6244218316373727,2025,1483.142211675644,3243
4,1.0,3616,1834.7639002799988,3616
5,0.10302337398373984,3244,1996.9186120033264,31488
6,0.34814814814814815,47,1148.6062707901,135
