,%,match,runtime,total
0,0.29356357927786497,374,1363.910094499588,1274
1,0.11513157894736842,35,958.0008058547974,304
2,0.11333333333333333,17,1143.106273651123,150
3,0.3089731729879741,1002,1247.826693534851,3243
4,0.38523230088495575,1393,1615.1150274276733,3616
5,0.002540650406504065,80,1701.7339594364166,31488
6,0.014814814814814815,2,1106.7464745044708,135
