,%,match,runtime,total
0,0.6287284144427001,801,1109.4474902153015,1274
1,1.0,304,830.2344975471497,304
2,0.13333333333333333,20,937.9285352230072,150
3,0.3515263644773358,1140,1029.9315621852875,3243
4,0.724004424778761,2618,1345.2506704330444,3616
5,0.010766006097560975,339,1494.3013660907745,31488
6,0.0962962962962963,13,934.0623021125793,135
