,%,match,runtime,total
0,0.6342229199372057,808,1428.0165679454803,1274
1,1.0,304,1008.3730323314667,304
2,0.13333333333333333,20,1152.3490951061249,150
3,0.34659266111625037,1124,1315.359967470169,3243
4,0.7013274336283186,2536,1723.465145111084,3616
5,0.011369410569105691,358,1824.4108397960663,31488
6,0.08888888888888889,12,1139.2354838848114,135
