,%,match,runtime,total
0,0.8398744113029827,1070,1150.222081899643,1274
1,1.0,304,839.6355319023132,304
2,0.24,36,935.4975411891937,150
3,0.6096207215541165,1977,1063.42577791214,3243
4,1.0,3616,1434.1517496109009,3616
5,0.11455157520325203,3607,1537.9171011447906,31488
6,0.26666666666666666,36,939.0489153862,135
