,%,match,runtime,total
0,0.30062794348508637,383,1182.8859345912933,1274
1,0.09539473684210527,29,850.4104614257812,304
2,0.1,15,971.086612701416,150
3,0.31421523280912733,1019,1033.0196874141693,3243
4,0.39076327433628316,1413,1331.9780795574188,3616
5,0.0027629573170731706,87,1445.1324632167816,31488
6,0.014814814814814815,2,930.6884818077087,135
