,%,match,runtime,total
0,0.9874411302982732,1258,1209.3997011184692,1274
1,1.0,304,859.8224182128906,304
2,0.8866666666666667,133,969.5364193916321,150
3,0.9614554424915202,3118,1116.6783783435822,3243
4,1.0,3616,1462.4023830890656,3616
5,0.5466209349593496,17212,1583.2959022521973,31488
6,0.9925925925925926,134,1110.1245737075806,135
