,%,match,runtime,total
0,0.9858712715855573,1256,1687.6396610736847,1274
1,1.0,304,1060.227353811264,304
2,0.8866666666666667,133,1166.2614901065826,150
3,0.9611470860314524,3117,1393.4598298072815,3243
4,1.0,3616,1928.0844881534576,3616
5,0.5333460365853658,16794,2062.4292085170746,31488
6,0.9925925925925926,134,1213.2861940860748,135
