,%,match,runtime,total
0,0.8084772370486656,1030,1229.001950263977,1274
1,1.0,304,857.8236703872681,304
2,0.14666666666666667,22,966.0209066867828,150
3,0.5282146160962072,1713,1102.2220544815063,3243
4,0.8683628318584071,3140,1453.566017150879,3616
5,0.045191819105691054,1423,1598.745522737503,31488
6,0.08888888888888889,12,970.2427530288696,135
