,%,match,runtime,total
0,0.9874411302982732,1258,1675.6016163825989,1274
1,1.0,304,1058.7948467731476,304
2,0.8866666666666667,133,1165.3726451396942,150
3,0.961763798951588,3119,1393.0193762779236,3243
4,1.0,3616,1961.796202659607,3616
5,0.5376651422764228,16930,2093.047198534012,31488
6,0.9925925925925926,134,1342.7059648036957,135
