,%,match,runtime,total
0,0.8069073783359497,1028,1478.7119054794312,1274
1,1.0,304,1000.0272722244263,304
2,0.14666666666666667,22,1151.8269789218903,150
3,0.5220474868948505,1693,1352.4437382221222,3243
4,0.8993362831858407,3252,1815.1680660247803,3616
5,0.045858739837398375,1444,1905.0546917915344,31488
6,0.08888888888888889,12,1167.490920305252,135
