,%,entities,relationships,runtime
0,0.0005,850,36,2116.2837879657745
1,0.06325489492910306,891,41,2073.053034543991
2,0.2971220593155561,872,33,1294.9011371135712
3,0.04285714285714286,802,59,2108.579161643982
4,0.0,620,36,1786.4496297836304
5,0.0,816,52,1520.0594863891602
6,0.0,926,49,1731.8393013477325
7,0.0,863,56,1476.1518077850342
8,0.0,787,40,1640.0517165660858
9,0.0,895,44,1744.290508031845
10,0.0005,939,34,1486.1958923339844
11,0.0003816793893129771,897,49,1286.5585446357727
