,%,match,runtime,total
0,0.8178963893249608,1042,96.94401240348816,1274
1,1.0,304,97.14703822135925,304
2,0.32666666666666666,49,98.94912719726562,150
3,0.5766265803268579,1870,108.77059054374695,3243
4,1.0,3616,97.68493580818176,3616
5,0.14345147357723578,4517,98.38893747329712,31488
6,0.0962962962962963,13,100.24455308914185,135
