,%,match,runtime,total
0,0.41601255886970173,530,103.19010162353516,1274
1,0.003289473684210526,1,107.62330269813538,304
2,0.006666666666666667,1,106.21830177307129,150
3,0.3348751156336725,1086,102.03612494468689,3243
4,0.16537610619469026,598,99.52013850212097,3616
5,0.002889989837398374,91,99.03119587898254,31488
6,0.0,0,100.55206203460693,135
