,%,match,runtime,total
0,0.9827315541601256,1252,96.65012097358704,1274
1,1.0,304,96.66017961502075,304
2,0.9066666666666666,136,96.57055306434631,150
3,0.8652482269503546,2806,96.58241891860962,3243
4,1.0,3616,96.34802556037903,3616
5,0.8386051829268293,26406,96.31824254989624,31488
6,0.7555555555555555,102,96.14153218269348,135
