,%,match,runtime,total
0,0.6781789638932496,864,99.66531944274902,1274
1,0.019736842105263157,6,99.7921872138977,304
2,0.2733333333333333,41,99.70341372489929,150
3,0.433240826395313,1405,101.43698573112488,3243
4,0.257466814159292,931,100.69618725776672,3616
5,0.020483993902439025,645,100.91756892204285,31488
6,0.07407407407407407,10,99.73215699195862,135
