,%,match,runtime,total
0,0.8100470957613815,1032,99.34660124778748,1274
1,1.0,304,99.42035031318665,304
2,0.4533333333333333,68,100.3783802986145,150
3,0.5849522047486895,1897,99.81485986709595,3243
4,0.5594579646017699,2023,99.87769675254822,3616
5,0.20410950203252032,6427,99.38948154449463,31488
6,0.17777777777777778,24,99.30275511741638,135
