,%,match,runtime,total
0,0.2621664050235479,334,97.81673979759216,1274
1,0.013157894736842105,4,98.20404958724976,304
2,0.006666666666666667,1,98.0563051700592,150
3,0.30434782608695654,987,97.9965934753418,3243
4,0.1161504424778761,420,98.14587068557739,3616
5,0.0011115345528455284,35,98.36933541297913,31488
6,0.0,0,98.16017150878906,135
