,%,match,runtime,total
0,0.9811616954474097,1250,97.92677426338196,1274
1,1.0,304,98.11107873916626,304
2,0.9066666666666666,136,98.00113868713379,150
3,0.8612395929694727,2793,97.91557741165161,3243
4,1.0,3616,98.05506229400635,3616
5,0.8338414634146342,26256,98.23600673675537,31488
6,0.7555555555555555,102,98.0883400440216,135
