,%,match,runtime,total
0,0.14521193092621665,185,98.93376088142395,1274
1,0.0,0,100.26484394073486,304
2,0.0,0,100.14340209960938,150
3,0.30064754856614245,975,99.32320809364319,3243
4,0.1006637168141593,364,99.58879780769348,3616
5,0.0008257113821138212,26,99.66970491409302,31488
6,0.0,0,101.60523700714111,135
