,%,match,runtime,total
0,0.695447409733124,886,98.61672616004944,1274
1,1.0,304,96.383229970932,304
2,0.14666666666666667,22,113.71569228172302,150
3,0.4366327474560592,1416,98.37465524673462,3243
4,0.4684734513274336,1694,98.38195538520813,3616
5,0.025215955284552845,794,98.14914727210999,31488
6,0.0962962962962963,13,98.14131784439087,135
