,%,match,runtime,total
0,0.5989010989010989,763,98.07103657722473,1274
1,0.029605263157894735,9,98.22917127609253,304
2,0.14666666666666667,22,98.14421558380127,150
3,0.3330249768732655,1080,98.26489925384521,3243
4,0.24446902654867256,884,98.04800963401794,3616
5,0.004731961382113821,149,98.37655901908875,31488
6,0.014814814814814815,2,98.01097106933594,135
