,Unnamed: 0,%,entities,relationships,runtime
0,0,0.4,355,46,98.27571558952332
1,1,0.032641064315272465,368,22,98.45686388015748
2,2,0.028571428571428574,341,37,98.09494709968568
3,3,0.625,315,54,98.11154317855836
4,4,0.0,372,44,98.44832730293274
5,5,0.0,353,28,98.30589056015016
6,6,0.0,385,28,97.88286185264587
7,7,0.0,385,48,98.29645395278929
8,8,0.0,327,36,98.28545713424684
9,9,0.0,290,16,98.27985858917236
10,10,0.0,311,18,98.34328627586365
11,11,0.0,347,35,98.56857824325563
