,%,match,runtime,total
0,0.0,0,99.86401963233948,12
1,0.0,0,116.17810916900635,42
2,0.0,0,101.47835612297058,30
3,0.0,0,101.06572914123535,9
4,0.0,0,100.75381374359131,4
5,0.0,0,101.06521558761597,14
6,0.0,0,101.32534432411194,26
7,0.0,0,101.66885828971863,17
8,0.0,0,100.67665576934814,9
9,0.0,0,100.86653089523315,15
10,0.0,0,100.86238360404968,7
11,0.0,0,101.04709315299988,9
12,0.0,0,100.93439674377441,6
13,0.0,0,101.02764987945557,7
14,0.0,0,101.07191038131714,8
